<?xml version="1.0" encoding="UTF-8" standalone="no" ?>
<Shop_Details xmlns:xsi="http://www.w3.org/2001/XMLSchema-instance" xsi:noNamespaceSchemaLocation="catalog_18028931.xsd">
<?xml-stylesheet type="text/css" href="catalog_18028931.css" ?>
<Car_Shop>
	<Shop_Details>
		<Shop_Name>Global CarTech</Shop_Name>
		<Address>Dharan-5, Sunsari, Nepal</Address>
		<Telephone_Number> Phone: 026-402060</Telephone_Number>
		<Website>www.globalcartech.com</Website>
		<Logo></Logo>
		<Quantity>hjhga</Quantity>
	</Shop_Details>
	<Products Product_number="P1">
		<Brand_Name brand_id="B12">HONDA</Brand_Name>
		<Description>Honda has a well-deserved reputation for making well built, well engineered cars, &amp; it holds true across its entire lineup. Fuel-effiecient &amp; spacious, most Hondas are both enjoyable to drive and boast solid reliability. The mid-size Accord family sedan,a longtime 10 best award winner, is Honda's bread and butter. It also offers more offbeat models such as the versatile Ridgeline pickup &amp; family-friendly people haulers such as the Odyssey minivan &amp; the Pilot SUV. </Description>
		<Details Car_Type="Fuel">
			<Manufacturer>HONDA</Manufacturer>
			<Dimension>440mm?1695mm?1495mm</Dimension>
			<Color>Grey</Color>
			<Price>$245,00</Price>
			<Body_type>Sedan</Body_type>
			<Offer>Christmas</Offer>
			<Warranty>2 years</Warranty>
			<Discount>15%</Discount>
		</Details>
	</Products>
	<Products Product_number="P2">
		<Brand_Name brand_id="B14">Bentley</Brand_Name>
		<Description>Known for offering some of the finest grand tourers in the World. Bentley's current car lineup includes the Continental, Continental GT Flying Spur sedan, Continental Superspots &amp; flagship Mulsanne. Bentley models is hitting all-time sales records along the way to celebrating its first 100 years. </Description>
		<Details Car_Type="Hybrid">
			<Manufacturer>Bentley</Manufacturer>
			<Dimension>557mm?1926mm?1521mm?</Dimension>
			<Color>Red</Color>
			<Price>$134,000</Price>
			<Body_type>Suv</Body_type>
			<Offer>New Year</Offer>
			<Warranty>1 Year</Warranty>
			<Discount>10%</Discount>
		</Details>
	</Products>
	<Products Product_number="P3">
		<Brand_Name brand_id="B14">Hyundai</Brand_Name>
		<Description>Hyundai operates the world's largest integrated automobiles manufacturing facility in Ulsan, South Korea which has an annual production capacity of 1.6 million units. Hyundai vehicles are sold in 193 countries through some 5,000 dealership &amp; showrooms. </Description>
		<Details Car_Type="Fuel">
			<Manufacturer>Hyundai Motor Group</Manufacturer>
			<Color>Blue</Color>
			<Price>$180,000</Price>
			<Body_type>Sedan</Body_type>
			<Discount>20%</Discount>
		</Details>
	</Products>
	<Products Product_number="P4">
		<Brand_Name brand_id="B17">Volvo</Brand_Name>
		<Description>Generally, known for safety, Volvos are typically quiet, have comfortable seats, &amp; provide secure handling. The ride can generally be described as stiff. The infotainment systems are not intuitive. </Description>
		<Details Car_Type="Hybrid">
			<Manufacturer>Volvo</Manufacturer>
			<Dimension>4950mm?208mm?2140mm?</Dimension>
			<Price>$180,8900</Price>
			<Body_type>Hatchback</Body_type>
			<Offer>Deepawali</Offer>
		</Details>
	</Products>
	<Products Product_number="P5">
		<Brand_Name brand_id="B10">BAJAJ</Brand_Name>
		<Description>Generally, known for safety, BAJAJ are typically quiet, have comfortable seats, &amp; provide secure handling. The ride can generally be described as stiff. The infotainment systems are not intuitive. </Description>
		<Details Car_Type="Electric">
			<Manufacturer>BAJAJ</Manufacturer>
			<Dimension>490mm?202mm?214mm?</Dimension>
			<Price>$190,8900</Price>
			<Body_type>Hatchback</Body_type>
			<Offer>Dashain</Offer>
		</Details>
	</Products>
	<Products Product_number="P6">
		<Brand_Name brand_id="B17">BMW</Brand_Name>
		<Description>BMW cars comes with a variety of convenient and sleek features. These cars have adaptive headlight which cast their beam in the direction of the curve when you're steering towards, ensuring better visibility and safety during night drives on winding roads. They too have Navigation System Professional which gives the driver a 3D design combined with an innovative display concept and numerous functions for navigation, office and multimedia for the maximum comfort and information en route to your travel. </Description>
		<Details Car_Type="Electric">
			<Manufacturer>BMW</Manufacturer>
			<Dimension>500mm?300mm?312mm?</Dimension>
			<Color>Brown</Color>
			<Price>$313,000</Price>
			<Body_type>Sedan</Body_type>
			<Warranty>7 Years</Warranty>
			<Discount>30%</Discount>
		</Details>
	</Products>
	<Products Product_number="P7">
		<Brand_Name brand_id="B20">Toyota</Brand_Name>
		<Description>Remote Air Conditioning is probably the best feature of this car which include comfort and convenience, safety and entertainment. The smart key system is also available in this car and it is designed in such a way to unlock the car and turn on the interior lights from just a few feet away to make getting in much easier. The head-up display was also designed to help you focus on the roadand it too gives the information about current speed. </Description>
		<Details Car_Type="Hybrid">
			<Manufacturer>Toyota</Manufacturer>
			<Body_type>Hatchback</Body_type>
			<Offer>Christmas</Offer>
		</Details>
	</Products>
	<Products Product_number="P8">
		<Brand_Name brand_id="B30">NISSAN</Brand_Name>
		<Description>It has the Multi-Function Display which helps to keep an eye on the engine viewing turbo boost, oil temperature and pressure. It has the acoustic windscreen to reduce the outside noise. It also has Dash and Instrument Panel to reduce the unwanted sounds from the engine bay, the GT-R adds an insulator underneath the dashboard and sound-absorbing material behind the instrument panel. </Description>
		<Details Car_Type="Fuel">
			<Manufacturer>NISSAN</Manufacturer>
			<Body_type>SUV</Body_type>
			<Dimension>600mm?490mm?340mm?</Dimension>
			<Price>$42,000</Price>
			<Warranty>10 Years</Warranty>
			<Discount>30%</Discount>
		</Details>
	</Products>
	<Products Product_number="P9">
		<Brand_Name brand_id="B39">Suzuki</Brand_Name>
		<Description>It has the Ventilation System having both cooling and heating condition. It has Fuel-lid opener with remote control. Seats are of fabric.It has the digital clock system.</Description>
		<Details Car_Type="Hybrid">
			<Manufacturer>Suzuki</Manufacturer>
			<Body_type>Hatchback</Body_type>
			<Dimension>900mm?890mm?440mm?</Dimension>
			<Price>$92,000</Price>
			<Offer>Dashain</Offer>
		</Details>
	</Products>
	<Products Product_number="P10">
		<Brand_Name brand_id="B40">Mercedes</Brand_Name>
		<Description>It has Adaptive High Beam Assist which helps to access to a specialized camera that will scan the road ahead for the lights being given off by other vehicles. It also has Night View Assist Plus by which drivers will be able to view a real-time view of a road, it helps to avoid pedestrians or animals on very dark nights. </Description>
		<Details Car_Type="Electric">
			<Manufacturer>Mercedes</Manufacturer>
			<Body_type>Sedan</Body_type>
			<Dimension>600mm?490mm?340mm?</Dimension>
			<Color>Pink</Color>
			<Price>$109,000</Price>
			<Offer>New Year</Offer>
			<Discount>10%</Discount>
		</Details>
	</Products>
</Car_Shop>
</Shop_Details>